0,Samoa,Clugas,266,William Silva
1,French Southern Territories,Diland,205,Oceanshout
2,Virgin Islands,Xamouth,160,David Moody
3,Réunion,Chiville,55,Martha Williams
4,Tokelau,Pesea,217,Judy Johnson
5,Cocos (Keeling) Islands,Kleson,166,Audrey Cohen
6,Macao,Toria,134,Kelly Thomas
7,Germany,Ylabert,142,Ronald Morrison
8,Ethiopia,Raefbert,205,Matthew Stephens
9,Northern Mariana Islands,Zoln,91,Linda Taylor
10,Uganda,Zlirie,249,Shirley Simpson
11,Netherlands,Xophis,174,Charles Ford
12,Fiji,Claton,268,Stacey Wilson
13,Belgium,Kison,71,Frances Rogers
14,Saint Martin,Antaham,267,Francis Cole
15,South Africa,Wacmore,117,Linda Lyons
16,Pitcairn,Nuving,242,Juan Owens
17,United Arab Emirates,Witon,190,Jean Henry
18,Portugal,Ordham,277,James Brown
19,Bahrain,Sraka,195,Kevin Harris
20,Lithuania,Creesrith,129,Audrey Lane
21,American Samoa,Klard,210,Margaret McGuire
22,Liberia,Ineson,218,Abosseau
23,Montserrat,Elessall,207,Esther Anderson
24,French Polynesia,Drard,214,Catherine Collier
25,Congo,Zhathe,299,Andrea Yates
26,Saint Vincent and the Grenadines,Orkland,262,Jean Lee
27,Gambia,Beport,168,Shannon Rowe
28,Jersey,Rewood,284,Ralph Pierce
29,Saudi Arabia,Rewood,135,Lori Medina
30,Sierra Leone,Phehgas,105,Patricia Reed
31,Chad,Shora,247,Sandra Vargas
32,Algeria,Olkgate,266,Rita Page
33,Monaco,Playsey,287,William Turner
34,Russian Federation,Ouverbus,122,Voidbloom
35,Gibraltar,Inassall,186,Danielle Moran
36,Ireland,Raefbert,240,Mary Perkins
37,Zimbabwe,Esaburgh,179,Francis Cole
38,Kazakhstan,Ilaford,250,Ann Miller
39,South Georgia and the South Sandwich Island,Ejaldiff,297,Jennifer Hughes
40,Iran,Kevale,160,Charlie Hanson
41,Canada,Phesa,17,Doris Burgess
42,Algeria,Onapool,176,Pamela Hughes
43,Aruba,Orok,41,Frank Bush
44,Luxembourg,Phaalbridge,118,Barbara Wong
45,Sri Lanka,Noria,50,Sharon McDonald
46,Micronesia,Illestin,238,Amanda Perez
47,Suriname,Crarc,122,Kirk Gray
48,Lithuania,Uryport,294,Ruben Dean
49,Tanzania,Baimcester,30,Joshua Gilbert
50,Uruguay,Onukpool,169,Judith Anderson
51,Afghanistan,Ansnard,26,Helen Stevens
52,Liechtenstein,Inson,66,Brent Roberts
53,Japan,Goidset,240,Pamela Anderson
54,Chile,Plord,88,Henry Martin
55,Nauru,Shading,68,Lori Campbell
56,Côte dIvoire,Wouver,134,Bruce Oliver
57,Puerto Rico,Klance,250,Dora Holland
58,Nigeria,Awreles,191,Nora Gonzalez
59,Falkland Islands (Malvinas),Ukuuchester,102,Kimberly Peterson
60,Palau,Ineson,118,Mary Lewis
61,Saint Helena,Prupus,138,Carmen Jones
62,Lithuania,Ikheah,92,John Walker
63,Bolivia,Ariodale,50,Stephanie McCoy
64,Comoros,Culedo,106,Donna Gonzalez
65,United Arab Emirates,Trord,199,Paula Hanson
66,Guyana,Astracaster,215,Lynn Reyes
67,Brazil,Asolens,239,Manuel Ballard
68,Anguilla,Xugate,257,Juan Owens
69,Estonia,Plipset,186,Ana Scott
70,Dominica,Clotin,263,Amy Harris
71,Bulgaria,Eshille,187,Chananteau
72,El Salvador,Osapool,292,Peggy Turner
73,Bangladesh,Apence,174,Roughorb
74,Tokelau,Eahhull,25,Karen Bowman
75,Mali,Preeygow,289,Michael Richardson
76,Hungary,Guoford,88,Bonnie Lewis
77,Colombia,Qront,32,James Cook
78,Macedonia,Ariomont,20,Tony Williams
79,Chad,Ekastead,165,William Rodriquez
80,Albania,Nont,269,Richard Glover
81,Tonga,Aprore,31,Penny Williams
82,Uruguay,Chirpus,63,Marie Garrett
83,Greenland,Yheley,223,Martin Snyder
84,Slovakia,Edoton,158,Carmen Jones
85,Lebanon,Norith,13,Amy Keller
86,United States Minor Outlying Islands,Sares,12,Ravenbasher
87,Luxembourg,Jurg,154,Nancy Evans
88,Suriname,Icredale,217,Tamara Miller
89,Aruba,Gagos,83,Donna Higgins
90,El Salvador,Qicginia,122,John Drake
91,French Southern Territories,Andopolis,80,Ashley Walker
92,Maldives,Shupolis,131,Evelyn Hernandez
93,Spain,Yruburgh,254,Patricia Smith
94,Malawi,Vroksea,27,Pamela Anderson
95,Israel,Olkron,128,Cynthia Lloyd
96,Uzbekistan,Brishire,17,Angela Baker
97,Guinea,Frelens,138,Paul Cain
98,Congo,Nerton,208,Donald Guerrero
99,Bosnia and Herzegovina,Xoford,259,Shawn Lucas
100,Namibia,Drido,40,Brian Webb
101,Tokelau,Proilsea,35,Joyce Banks
102,Turkey,Gredo,274,Bonnie Wagner
103,Nicaragua,Froyridge,150,Paul Schultz
104,Dominican Republic,Vaakgow,90,Dale Walker
105,Taiwan Province of China,Orebus,294,Henry Bennett
106,Lebanon,Amlas,231,Katie Singleton
107,Martinique,Kodiff,14,Martha Miller
108,Saint Vincent and the Grenadines,Padena,93,Laura Anderson
109,Georgia,Strey,15,William Anderson
110,Hungary,Duskwich,144,Ronald Roberts
111,Mayotte,Isonstead,41,Katie Singleton
112,Congo,Kilcross,231,Robert Taylor
113,Brazil,Esasall,51,Janice Carter
114,Ireland,Qrisa,185,Benjamin Gonzalez
115,Tajikistan,Sares,41,Richard Glover
116,Christmas Island,Iklukgan,189,Maria Rodriguez
117,Guinea,Bery,249,Martha Wilkins
118,Zimbabwe,Sester,219,Elizabeth McCoy
119,Trinidad and Tobago,Boufburg,248,Margaret Morgan
120,France,Shupolis,44,Vivian Murray
121,Cyprus,Flosall,155,Ann Miller
122,Jersey,Obling,272,Ken McDaniel
123,Albania,Zramont,164,Richard Glover
124,Micronesia,Okvale,206,Janice Garcia
125,Guam,Inebert,114,Johnnie Harris
126,Macedonia,Phulburn,112,Kenneth Howard
127,Djibouti,Encesey,248,Jennifer Cole
128,Mauritania,Roguecross,100,Bladeshaper
129,Bhutan,Olkphia,107,Carol Sims
130,Lesotho,Zhaedhull,120,Loretta Wade
131,Togo,Srence,3,Julian Holland
132,Nigeria,Lauton,70,William Stephens
133,Italy,Zlaka,19,Deborah Johnson
134,Malawi,Odoncaster,285,John Harvey
135,Colombia,Xoysey,22,John Brown
136,Turkmenistan,Naerta,82,Dwight Crawford
137,Svalbard and Jan Mayen,Wuxfast,79,John Drake
138,Switzerland,Edotol,37,Douglas Wallace
139,Papua New Guinea,Iagan,250,Esther Anderson
140,Muskuytho,Yrento,220,Jennifer Mills
141,Tastraugro,Jaakham,145,Florence Jenkins
142,Uglijan,Agodon,291,Donna Richardson
143,Atresh,Klislens,137,Karen Green
144,Flaora,Yhenross,172,Brian Fowler
145,Gruania,Akalas,281,Julian Carroll
146,Ogristan,Utofast,175,Joel Thomas
147,Eglela,Eqance,29,Jean Turner
148,Broei Sheau,Drormont,82,Richard King
149,Triox Frary,Asoburgh,80,Gloria Higgins
150,Oproesil,Qocaster,8,Shawn Lucas
151,Lescula,Onapool,53,Patricia Smith
152,Ustrait,Tanbu,156,Denise Saunders
153,Jubrea,Buving,295,Kelly Johnson
154,Tharhiel,Flosall,135,Donna Gonzalez
155,Whabar,Prork,209,Leroy McBride
156,Oglye,Ekarith,292,Stanley Rose
157,Oscal,Zhosea,14,Kimberly Smith
158,Swayh Shar,Yrolis,2,Charlie West
159,Whiyr Spa,Kleley,81,Manuel Fleming
160,Rufliabar,Wrodchester,4,Victoria Brown
161,Feshaulor,Criver,197,John Young
162,Noshon,Morbus,118,Todd Rodriquez
163,Bogresh,Sririe,144,Jose Barnett
164,Sneisal,Gikland,156,Rosemary Wilson
165,Chaeye,Odonstead,40,Ralph Pierce
166,Osmium,Onioport,207,Juan Owens
167,Usmait,Kheles,130,Juanita Stanley
168,Shoaq Ska,Reles,4,Hilda Martin
169,Frua Flela,Elestin,19,Anne Moore
170,Vepraburg,Eighburgh,229,Danielle Martinez
171,Vagliuland,Eyhofridge,256,Daniel Harmon
172,Ioflana,Antastin,16,David Brown
173,Custines,Eyhofridge,163,John Drake
174,Swuajan,Lacphia,231,Edward Dixon
175,Glaece,Kilcross,211,Philip McGee
176,Askor,Yophia,94,William Hines
177,Estrein,Stoitsall,79,Alice Woods
178,Shue Plurg,Eahhull,120,Lynn Kelly
179,Thoev Sheau,Vrark,109,Robert Fitzgerald
180,Xapriegro,Onaburgh,271,Tina Chandler
181,Nubrana,Ineson,246,Anthony Little
182,Yespea,Osanard,61,Robert Brooks
183,Rasnus,Slyvault,170,Matthew Garcia
184,Druegro,Randale,162,Karen Green
185,Claytan,Sririe,140,Jeffrey Chapman
186,Ethyae,Aresson,246,Jerry Garza
187,Uthurg,Celas,114,Gary Caldwell
188,Spuyt Brary,Fraset,213,Caffatillon
189,Grayj Gristan,Wruuffast,11,John Johnson
190,Xufliybar,Cleusdence,151,Ricky Hayes
191,Rosneyla,Togow,249,Keith Brown
192,Qostristan,Zada,230,Denise Castillo
193,Raswium,Wroln,126,Joyce Banks
194,Gluyca,Crard,269,David Johnson
195,Gloynga,Chiset,256,Leroy McBride
196,Acheau,Dreles,200,Thomas Martin
197,Eshua,Glares,185,Dustin Wright
198,Spao Tron,Quickcrest,20,Marie Hill
199,Cloix Swon,Zalo,204,Gladys Boone
200,Gecraijan,Roguecross,6,Courtney Barnett
201,Costrauna,Naidsas,291,Anthony Sanders
202,Jechus,Cosa,283,Frank Hunt
203,Quwhela,Zalo,6,William Stevenson
204,Troile,Tusea,259,Audrey Cohen
205,Skuacor,Togow,17,Robert Smith
206,Esmos,Adesa,160,Allen Barrett
207,Eclad,Itason,59,Linda Taylor
208,Creu Prela,Traham,43,Joyce Patton
209,Trou Plad,Flouver,16,Cynthia Flores
210,Cacleisia,Ariogend,110,Marie Garrett
211,Yechaybia,Yheles,268,Choires
212,Zafral,Akaland,55,Andre Dixon
213,Xuchen,Primont,201,Dustin Gonzales
214,Stroeria,Zheley,207,Jose Coleman
215,Bliaji,Cuhmond,111,Nina Thompson
216,Uplal,Breyling,126,Thomas Hicks
217,Otrad,Instin,3,Theresa Long
218,Groub Dryae,Cliscaster,265,Anita Edwards
219,Flaem Clos,Inasbury,270,Donald Guerrero
220,Deshoania,Agodon,195,Donald Lee
221,Ioglabia,Arioledo,181,Jose Santos
222,Meplistan,Arddon,39,Donald Guerrero
223,Fepresh,Deledo,200,Florence Jenkins
224,Grabia,Qreginia,225,Joseph Caldwell
225,Shotan,Couis,35,Johnnie Harris
226,Usweau,Mokpus,271,Kelly Thomas
227,Eblesh,Glirough,176,Paul Moore
228,Thear Chax,Eyta,189,Danielle Moran
229,Prea Swium,Ancesea,235,Sherry Wilson
230,Bugroyqua,Illestin,24,Cynthia Smith
231,Fuflaunia,Oriapool,77,Richard Miller
232,Tuglait,Zrord,233,Caffatillon
233,Mublal,Dreles,5,Benjamin Brown
234,Swaedan,Grin,67,Kevin Taylor
235,Swoesil,Aresson,143,Gertrude Thompson
236,Asmen,Droni,121,Carlos Neal
237,Ublurg,Zleling,69,Judy Johnson
238,Pluif Thar,Entocaster,136,Stephanie McCoy
239,Gruyt Frax,Cloudview,195,James Lewis
240,Gusnaesil,Whitshade,191,Frozenspell
241,Usnoica,Andobus,114,William Allen
242,Yuclington,Juoset,206,Charlene Turner
243,Mocrary,Wravine,17,Joan Williams
244,Preigua,Chirpus,106,Linda Lopez
245,Scionia,Gekford,50,Bearchewer
246,Otrela,Truopool,75,Joseph Green
247,Atrad,Fanphia,138,Stephen McDonald
248,Whoat Trya,Ruburg,145,Jennie Hunter
249,Snuyh Whax,Qrausginia,288,Lauresseau
250,Acheabia,Qrisa,205,Ravenbasher
251,Uchiystein,Grualgas,121,Robert Anderson
252,Meplil,Prupus,276,Valerie Stewart
253,Obros,Wromery,174,Nora Gonzalez
254,Struyvania,Nerton,254,Anita Martinez
255,Claisau,Qririe,295,Nicole Morris
256,Ugrye,Urghburn,251,Nancy Turner
257,Espain,Frusstin,94,Alan Gonzales
258,Graui Blor,Win,205,John Collins
259,Pria Scon,Ezreim,89,Marjorie Johnson
260,Decrobar,Shuphis,52,Steve Brown
261,Uspuadal,Acord,77,Delores Ryan
262,Wabrana,Akhecding,115,William Allen
263,Fashor,Yhuosey,20,Gary Caldwell
264,Clayae,Iatol,179,Stella Smith
265,Blaissau,Preeygow,55,Michael Turner
266,Asmor,Klipus,105,Bécharisey
267,Ecril,Luugow,57,Matthew Garcia
268,Gluyc Snen,Gloustead,251,Donald Wilson
269,Chion Stia,Ordlas,166,Chananteau
270,Yegroitho,Brester,148,Thomas Lane
271,Estoitho,Cemstead,137,Joshua Boone
272,Toflax,Feyving,242,Bruce Oliver
273,Fetria,Kison,297,Gail Harris
274,Sniaca,Ajeahville,197,Joseph Baldwin
275,Sciedan,Qrausginia,33,Amy Parsons
276,Aclea,Sluogend,246,Donna Cain
277,Ebresh,Strafbert,118,Cynthia Smith
278,Blai Swait,Krehsea,111,James Cook
279,Thoak Drurg,Dalo,54,Evelyn Hernandez
280,Eplela,Zlirora,46,Sherry Wilson
281,Xafleaburg,Panland,154,Barbara Barber
282,Qastra,Niron,109,Benjamin Rowe
283,Publyae,Claixton,192,Nancy White
284,Greana,Anceron,52,Raymond Owens
285,Grioye,Vrehull,154,Anne Moore
286,Ewhua,Itason,122,Marian Stevenson
287,Ucren,Sreross,196,Janet Mitchell
288,Steit Clua,Adrila,125,Lisa Ramos
289,Streog Plington,Zriding,245,Heather Lee
290,Maclouqua,Axoystin,121,Melanie Davis
291,Qogruze,Idoson,78,Benjamin Rowe
292,Yathos,Froulstin,38,Fernshaper
293,Zepria,Eimpolis,58,Courtney Barnett
294,Staostan,Mokpus,170,Marie Hill
295,Sneoqua,Noria,126,Christina Taylor
296,Eclal,Reles,67,Jennifer Mills
297,Uswijan,Anstol,143,Barry Foster
298,Swayk Shela,Biatham,72,Kim Cole
299,Spiun Chait,Iflaerridge,120,Dora Holland
300,Sosweuya,Khago,233,Stanley Rose
301,Gugrotan,Ikheah,43,Lauresseau
302,Vusnurg,Taco,80,Ann Reed
303,Yothington,Paumchester,214,Henry Sanders
304,Whauso,Khuchester,278,William Silva
305,Draijan,Trock,233,Stanley Rose
306,Achana,Ouverdence,27,Kevin Smith
307,Eprya,Cragfrost,120,Marvin Ortiz
308,Blou Clua,Anbuport,17,Lois Johnson
309,Frua Fren,Glaurham,140,Paul Cain
310,Qecloaze,Kison,50,Deborah Kelly
311,Goshuoye,Ezreim,124,Hilda Martin
312,Hascal,Ansphis,277,Laura Gonzalez
313,Zoglijan,Saugnane,278,Heather Jackson
314,Sheutho,Crusas,186,Karen Green
315,Sneusau,Woria,279,Mary Lewis
316,Uprar,Brishire,91,Gary Martin
317,Aflos,Uvlaaland,215,Roberta Price
318,Thoag Swyae,Drormont,71,Robin Robertson
319,Griu Whyae,Dand,24,Francisco Dixon
320,Fugloybar,Zlirie,70,Theresa Long
321,Egluece,Ingrough,260,Valerie Sanchez
322,Yuprain,Luugow,105,Jose Coleman
323,Iuchos,Plury,75,Ann Wilson
324,Swajan,Irieburg,212,Diane Colon
325,Glostein,Drumdiff,132,Mary Cook
326,Ochines,Anceron,279,Steve Smith
327,Ubraria,Xoysey,174,Rosemary Bell
328,Streo Pros,Onouver,274,Gary Caldwell
329,Greih Chesh,Vlebury,281,Mario Henderson
330,Waskiajan,Grouis,285,Sharon McDonald
331,Musmoaso,Uxont,9,Linda Taylor
332,Dobril,Pripool,68,Theresa Long
333,Iesnijan,Kodiff,122,Dolores Miller
334,Cruilor,Brester,283,Tanya Fernandez
335,Bluistan,Crusas,216,Chavanet
336,Oscium,Sucbert,56,Francis Cole
337,Oglos,Wralo,180,Anna Reyes
338,Scoyc When,Graset,30,Gregory Williams
339,Scuey Frus,Egresport,185,David Johnson
340,Ugrosil,Kison,183,Alice Alvarez
341,Mespoya,Qrotphis,227,Rachel Lee
342,Dastron,Pludence,127,Peggy Montgomery
343,Mustela,Igafledo,172,Christina Potter
344,Struastan,Plin,141,Rose Brooks
345,Choerhiel,Ibison,46,Charles Barton
346,Apron,Klard,34,Peggy Shelton
347,Uston,Oklille,297,Judy Jackson
348,Shog Brye,Zepridge,112,Rochellac
349,Floen Blana,Teefhull,12,Alberto Dawson
350,Xowheacor,Maefvine,47,Abollon
351,Aclaosau,Dalo,98,Sacredsprinter
352,Kushesh,Dratchester,93,Marie Castro
353,Fasnium,Zriving,3,Jeffery Grant
354,Glaelor,Qelbus,233,Kevin Taylor
355,Bliydan,Truding,97,Patricia Morris
356,Uspax,Sluogend,131,Kenneth Jones
357,Uskana,Dand,231,Carrie Campbell
358,Frair Skait,Khuatin,44,Donald Wilson
359,Trau Grait,Ylaphia,81,Amanda McGee
360,Weskoybia,Fiyross,253,Amanda Jackson
361,Jacluidan,Iladon,69,Philip Lee
362,Voswesh,Froyridge,240,Deborah Johnson
363,Afrax,Zhans,216,Samantha Brown
364,Shuegro,Sares,76,Jane Bush
365,Pleyji,Uprauding,181,Joseph Green
366,Ablar,Plord,191,Alice Green
367,Uglus,Glodon,135,Janice Garcia
368,Fraom Crea,Eqance,260,Florence Jenkins
369,Greiz Dristan,Shupolis,2,Philip McGee
370,Xospeyqua,Slaadrith,54,Jesus Davis
371,Pasheysau,Vouypolis,133,Margaret McGuire
372,Sefresh,Frila,286,Linda Gutierrez
373,Xospium,Naerta,295,Frances Norman
374,Spuesia,Clipool,221,Melanie Davis
375,Friagro,Qrisa,60,Nellie Marshall
376,Ofraria,Ontling,279,Stacey Silva
377,Ewhurg,Flosall,63,William Griffith
378,Char Plos,Sares,205,Jose Santos
379,Triux Swela,Anbuport,20,Patricia Smith
380,Zepreilia,Ulbert,140,Phillip Ortiz
381,Otheisia,Ichacester,17,Christian Brown
382,Tascyae,Ansgend,244,Edna Collins
383,Lashea,Shupolis,141,Susan Bryan
384,Frailes,Tanesse,8,Doris Lawrence
385,Striycia,Lahbus,22,Edna Davis
386,Ebleau,Kaka,1,Michael Palmer
387,Espein,Strando,118,Michael Mason
388,Whieh Gresh,Edoton,237,James Miller
389,Scuem Stya,Drueford,20,Hazel Dixon
390,Teprustein,Plin,13,Vincent Pope
391,Wesmuygro,Phadena,155,Dale Walker
392,Ublyae,Ensmery,252,Janet Shaw
393,Zepristan,Frelens,259,Irene Watkins
394,Chuotan,Bropgow,290,Leonard Poole
395,Whiusil,Olkdiff,282,Lori Campbell
396,Asnye,Straka,64,Christopher Marshall
397,Osharia,Aphuport,25,Dale Lewis
398,Breov Stana,Grin,263,Gail Harris
399,Wheuj Scya,Dalo,279,Caffatillon
400,Wofrurus,Fridta,246,Linda Weaver
401,Dapreagua,Antastin,259,Deborah Obrien
402,Asmijan,Crusas,135,Lori Campbell
403,Qoshia,Luephis,293,Albert Jackson
404,Ploasau,Dratchester,213,Marian Martinez
405,Wheique,Anstol,174,Virginia Wilson
406,Othyae,Clison,164,Amy Reid
407,Awhana,Frila,186,Brichassier
408,Triaf Wharia,Clanta,53,James Rodriguez
409,Swoip Spines,Tuhbus,65,Kirk Gray
410,Joscuyra,Fluaton,157,April Byrd
411,Cepleoji,Shora,137,Brenda Turner
412,Iuskyae,Blusall,252,Gary Powell
413,Yufrax,Orebus,185,Ricky Hayes
414,Strocia,Iqolis,100,Scott Davis
415,Claysil,Asroiphia,123,Patricia Smith
416,Egrela,Tralo,281,Ida Ortega
417,Uswana,Xoford,108,Patricia Lewis
418,Skeub Prya,Egobert,121,Andrew Johnson
419,Sheah Glal,Vadiff,149,William Roberts
420,Febriudor,Tul,259,Francis Cole
421,Yaflielia,Edotol,210,William Fuller
422,Ceglax,Aplord,111,Jane Bush
423,Qofror,Vrumwood,40,Andre Dixon
424,Shieze,Klork,163,Donald Wilson
425,Skeicor,Eryford,114,Deborah Obrien
426,Aswijan,Xathe,97,Maxine Anderson
427,Epryae,Wrodon,252,Diane Jones
428,Blev Fror,Iatol,161,William Reese
429,Bleq Snua,Andobus,268,Ashley Walker
430,Iufliurhiel,Aphuport,23,Glenn Wade
431,Ostruastein,Frine,223,Daniel Ward
432,Mupros,Acord,238,Debbie Woods
433,Mefror,Drard,268,Linda Ward
434,Bruaque,Xepby,254,Jose Santos
435,Blualand,Zrord,33,Kristina Jackson
436,Ablya,Gria,244,Ray Shaw
437,Adril,Noria,14,Edward Ramirez
438,Gruec Stus,Plipset,97,Barbara Nunez
439,Fleaz Skain,Xans,90,Peggy Turner
440,Othunia,Rinstead,218,Edgar Thompson
441,Vosmiace,Vrumwood,31,Christina Armstrong
442,Pochia,Akaland,179,Angela Smith
443,Xaclesh,Slens,287,Brandon Soto
444,Cranga,Ugiexta,250,Joseph Green
445,Cleystan,Crabert,161,Alice Woods
446,Uclen,Esadon,100,Andre Dixon
447,Eshyae,Vriycaster,2,Marie Garrett
448,Crae Shus,Olispool,226,Frank Bush
449,Scuib Strya,Claixton,117,Anita Martinez
450,Yustroylor,Utofast,240,William Fuller
451,Dopreyton,Ansfast,286,Benjamin Rowe
452,Veskurg,Phacaster,170,Mark Smith
453,Nostresh,Padena,166,Frances Adams
454,Staqua,Edotol,29,Carol Smith
455,Cruydor,Geigh,67,Edith Brown
456,Aclua,Nuynard,76,Crystal Becker
457,Uskos,Ewido,185,Gary Martin
458,Broij Smaria,Caso,291,Albert Jackson
459,Criaf Pleau,Phagan,100,Diane Foster
460,Lascioland,Chaeygow,256,Kelly Johnson
461,Kawheana,Shupolis,23,Patricia Glover
462,Ioswana,Egowood,64,James Cook
463,Sastea,Glayville,156,Janice Reynolds
464,Cheland,Prupus,98,Dustin Wright
465,Greuji,Rodgend,250,Steve Harris
466,Echein,Klifield,67,John Smith
467,Ospus,Shila,261,James Hughes
468,Skiyh Swaria,Sloystin,148,Justin Young
469,Thaoz Plistan,Drosa,85,Lewis Walton
470,Jofliyla,Randale,62,Betty Munoz
471,Vescaotho,Antaham,95,Juan Brooks
472,Iasmen,Alorith,136,Robin Garcia
473,Dastana,Cilron,276,Becky Cook
474,Proica,Aphuport,70,Richard Glover
475,Chaydor,Athedon,75,Gabriel Cooper
476,Ostana,Chand,281,Ruth Smith
477,Ofrad,Qam,184,Marvin Ortiz
478,Staoj Smistan,Ialing,151,William Hines
479,Straix Fra,Beport,144,Ella Lawson
480,Jufroeso,Vlaton,223,Claire Sutton
481,Ducloera,Ucriron,159,Brenda Hill
482,Zeprea,Qrin,292,Sheila Goodwin
483,Deskea,Epuwood,65,Kimberly Peterson
484,Strialand,Irieburg,21,Karen Fletcher
485,Choiyae,Shedo,43,Richard King
486,Awhen,Khodtol,131,Elizabeth McCoy
487,Osmal,Eighmond,292,Rita Sanchez
488,Stoep Strait,Eahving,93,Ravenbasher
489,Skeuc Smain,Reley,206,Todd Murphy
490,Sopleirhiel,Pripool,26,Clara Frazier
491,Suplialand,Sefling,257,Sally Black
492,Kofresh,Lita,66,Amy Harris
493,Wachait,Taco,19,Ruth Smith
494,Shuyso,Gledwood,78,Vera Collins
495,Chaobia,Bruville,12,Ellen Moore
496,Obleau,Uxont,234,David Davis
497,Ablein,Vlumery,68,Stacey Wilson
498,Bruid Swya,Iriedence,141,Theresa Parker
499,Traui Scia,Odonstead,202,Daniel Harmon
500,Zebraica,Strey,217,Mark Kennedy
501,Baflaydor,Sland,141,Patricia Lewis
502,Zestrana,Grouham,117,Nina Thompson
503,Ragrax,Ivul,143,Stephanie McCoy
504,Pleycia,Bloburgh,9,Cynthia Flores
505,Bloyvania,Frine,75,Charlie Hanson
506,Esnye,Sexron,94,Saumières
507,Obrus,Wrowood,238,George James
508,Swu Shein,Blusall,260,Michael Rodriguez
509,Pleui Chain,Krekpolis,134,Linda Taylor
510,Veclouburg,Xanta,227,Juan Owens
511,Estroique,Encesey,210,Linda Bryant
512,Vuglines,Yrento,12,Justin Soto
513,Tuglil,Win,87,Oceanshout
514,Snoysau,Voni,48,William Cruz
515,Snuasau,Ansphis,198,Patricia Simon
516,Eplal,Zofphis,220,Jeffery Ramirez
517,Obril,Clison,191,Edward Freeman
518,Shous Blana,Shork,72,June Jackson
519,Shuik Bla,Qrisa,183,Michael Mason
520,Setraobar,Ingrough,3,Bertha Moore
521,Cagluegua,Klance,64,Gladys Boone
522,Iestrain,Olnchester,24,Don Reynolds
523,Wosmistan,Teason,102,Kenneth Ruiz
524,Scairhiel,Esabridge,268,Lynn Reyes
525,Praissau,Zhathe,148,Ryan Martin
526,Oglil,Srixby,192,Ann Reed
527,Awhia,Lomery,19,Erin Johnson
528,Streum Grurg,Wrodchester,12,Diane Jones
529,Friol Flurg,Lacester,198,Esther Anderson
530,Yecliaze,Sluorough,79,Deborah Webster
531,Zugrurus,Klipus,285,Andre Dixon
532,Decrain,Kritdiff,98,Leroy McBride
533,Rofrium,Chefvine,79,Barry Foster
534,Clauce,Prork,256,Manuel Wilson
535,Freoce,Xogan,96,Dustin Gonzales
536,Asturg,Steamforest,150,Andifort
537,Epleau,Nadena,172,Amy Harris
538,Shaek Swana,Kilcross,225,Ruth King
539,Cleab Scil,Shebus,16,Gregory Williams
540,Tastriocia,Qicginia,89,Michael Spencer
541,Leswieland,Exelens,50,David Burton
542,Lashen,Kratwell,101,Shirley Taylor
543,Hopra,Rila,278,Lori Campbell
544,Spoela,Pliland,75,Amy Davis
545,Shuycor,Fraset,255,David Cox
546,Oclana,Igrurgh,129,Juanita Stanley
547,Esmain,Saugnane,260,Michael Richardson
548,Chuoz Flea,Wrowood,287,Betty Lane
549,Priov Shen,Amialedo,83,Jennifer Walton
550,Tastriocia,Colollac,289,Dolores Miller
551,Leswieland,Drormont,265,Brenda Rogers
552,Lashen,Vlocester,198,Michael McDaniel
553,Hopra,Ylaphia,48,James Russell
554,Spoela,Pifield,42,Thomas Hicks
555,Shuycor,Kland,245,Jessica Anderson
556,Oclana,Cragfrost,91,Tanya Fernandez
557,Esmain,Yilland,45,Dan Thomas
558,Chuoz Flea,Srucnard,191,Stacey Silva
559,Priov Shen,Toburn,83,Renee Martin
560,Beskales,Klard,189,Eddie Salazar
561,Pefleitho,Ruetol,80,Marjorie Johnson
562,Ufron,Oslans,87,Montanne
563,Caprines,Vlotpool,274,Anthony Wilkins
564,Druania,Strafbert,23,Byron Andrews
565,Skuoles,Nemont,118,Donald Jackson
566,Uchye,Gria,270,Andrea Yates
567,Oglon,Ansfast,97,Frank Thomas
568,Sciy Thistan,Phock,181,Elizabeth Simmons
569,Skuay Brus,Ancemery,161,Mary Williamson
570,Vusmeagua,Yophia,253,Bonnie Bass
571,Pobruestein,Phento,73,Ryan Martin
572,Gegraria,Drosa,2,Melissa Johnson
573,Ucrijan,Creesrith,221,Betillon
574,Spairia,Phock,35,James Cook
575,Spaywana,Cilron,120,Michael Mason
576,Ashax,Encesey,290,Cynthia Flores
577,Owhington,Ylario,94,Debra Scott
578,Fruem Glines,Ingrough,223,Cretelet
579,Drua Tror,Drosa,210,Mario Henderson
580,Latriodal,Yobridge,31,John Scott
581,Gugraudal,Breyling,164,Manuel Fleming
582,Xetrad,Orebus,260,William Stephens
583,Lofraria,Srafast,5,Karen Castro
584,Bliynga,Ontlens,2,Pellessard
585,Bloasal,Grualgas,38,Mary Perkins
586,Oscal,Arcridge,27,Julian Holland
587,Escana,Zepridge,40,James Fletcher
588,Shuap Shesh,Xogan,27,Fred Adams
589,Theub Clana,Drueford,283,Walter Hunter
590,Toscuenia,Olkphia,180,Paul Schultz
591,Oflounia,Eryford,209,Christopher Silva
592,Gusmain,Eighta,207,Elizabeth Jackson
593,Seblus,Uxont,78,Stella Harmon
594,Shoussau,Cremouth,93,Donna Tucker
595,Criejan,Ikark,252,David Cox
596,Uwhines,Kloron,84,Anna Reyes
597,Askia,Sester,160,Croivau
598,Shuc Grana,Ephorith,59,Jennifer Smith
599,Traik Flen,Sripolis,19,Ella Morgan
600,Astraso,Iklukgan,189,Jacqueline Campbell
601,Zescoaqua,Irento,141,Susan Ferguson
602,Yawhya,Eryford,38,Mary Simmons
603,Sesca,Yeka,242,Zachary Ward
604,Snuyae,Irento,255,Lori Campbell
605,Choussau,Krurgh,1,Joyce Patton
606,Atrea,Xila,71,Dora Holland
607,Oshal,Rivine,48,Kimberly Peterson
608,Drel Strurg,Arklens,18,Linda Taylor
609,Swel Glium,Phurough,74,Charlene Turner
610,Boskailia,Yophia,73,Peggy Smith
611,Guskoedal,Ontlens,169,Ralph Pierce
612,Tespines,Clotin,234,Heidi Howell
613,Cocral,Zepridge,59,Patricia Glover
614,Swiewana,Uzlando,100,Courtney Barnett
615,Dreuna,Zepridge,275,Claire Sutton
616,Oblye,Strolis,179,Peggy Montgomery
617,Oplor,Glaurham,126,Michael Wagner
618,Flue Strain,Bark,85,Lewis Walton
619,Gruis Thait,Ekaginia,18,Diane Flores
620,Mustriarus,Athegend,93,Janice Garcia
621,Boflaosau,Fada,232,Michael Thomas
622,Vasweau,Srossas,251,Patsy Morgan
623,Sashurg,Diland,3,Francis Cole
624,Smegro,Uryport,35,Felix Schultz
625,Snougua,Yeka,133,Robert Christensen
626,Ubra,Padena,138,Philip Powers
627,Ashana,Ezreim,128,Larry Smith
628,Striek Trurg,Bery,149,Francis Cole
629,Strayw Strela,Cliscaster,40,Joseph Green
630,Afrasau,Srence,225,Rachel Lee
631,Magluynia,Antaross,104,Bertha Dixon
632,Gaplar,Ewarlens,134,Christian Brown
633,Radrana,Olkron,13,Andrea Yates
634,Whaustein,Vleufield,270,Jonathan Smith
635,Bloivania,Sixdence,289,Raymond McDaniel
636,Ashax,Uvlaaland,8,Joseph Green
637,Uskurg,Yloria,222,David Gonzalez
638,Grou Shela,Kreburg,52,Karen Powers
639,Blaob Glijan,Ukuuchester,54,Maria Martin
640,Xableybia,Norith,260,Rodney Allen
641,Huthiania,Claixton,169,Donna Watson
642,Iudreau,Randale,213,Robert Reed
643,Resturg,Osemore,270,Lisa Ramos
644,Blaustan,Klane,65,Brenda Rogers
645,Cloyla,Juoset,153,Arthur Barnes
646,Utrax,Win,77,David Silva
647,Afrya,Dery,1,Laura Anderson
648,Snue Plurg,Yrunard,229,Delores Ryan
649,Snas Prington,Krehsea,243,Charles Ford
650,Agleile,Dreledo,284,Anne Hardy
651,Iupluize,Xans,253,Donald Jackson
652,Aswar,Qraever,31,Michael Turner
653,Buthax,Klusey,245,Jenny Stewart
654,Swiydan,Iadon,61,Beth Sanders
655,Pleasia,Uprauding,66,Sullard
656,Uspor,Gria,222,Patrick Parker
657,Ucrijan,Xosstead,48,Dorothy Mathis
658,Dreiq Chus,Yhenross,125,Crystal Becker
659,Greab Prein,Arcridge,267,Sharon McDonald
660,Dustiuvania,Pok,249,June Jackson
661,Mecraosal,Iglesall,298,Arthur Barnes
662,Wudrana,Cliscaster,14,Mario Henderson
663,Yachar,Asomond,103,Francisco Dixon
664,Shouburg,Shand,224,Bobby Brown
665,Droadal,Icoland,267,Louis Lamb
666,Uglar,Apelas,141,Corey Lyons
667,Oskye,Truxding,294,Joyce Morales
668,Sciaj Strium,Saugnane,276,Darryl Elliott
669,Strol Stil,Ralo,100,Peter Clark
670,Wufliujan,Strurgh,169,Jennie Hunter
671,Qaskoque,Talo,1,James Wright
672,Yudror,Ariodale,160,Nicholas Matthews
673,Pochana,Irento,73,Timothy Brown
674,Plailor,Truopool,49,Peter Clark
675,Wheuvania,Kimpus,74,Joan Williams
676,Ecrya,Wrorith,102,Donna Higgins
677,Etryae,Juoset,80,Martha Wilkins
678,Preyv Whya,Kland,250,Carl Miller
679,Breu Strus,Blence,217,Penny Bell
680,Iotroyjan,Lando,42,Hilda Martin
681,Upruerhiel,Glares,154,Maria Smith
682,Fecril,Klido,22,Adam Ellis
683,Hocreau,Olkgate,158,Theresa Long
684,Cheobar,Oxoni,163,Keith Brown
685,Strosau,Sreley,96,Sharon McDonald
686,Espea,Aloford,41,George Jones
687,Uspua,Koit,29,Margaret McGuire
688,Freyj Cleau,Ancesea,5,Jason Chandler
689,Gloab Dror,Izin,265,Marian Stevenson
690,Sobroijan,Drormont,208,Rachel Lee
691,Xebroastan,Yloross,23,Steven Jones
692,Xostryae,Illestin,211,Shirley Simpson
693,Zaskeau,Steamforest,293,Danielle Moran
694,Floynga,Onaville,110,Theresa Long
695,Stoajan,Khans,211,Pamela Anderson
696,Ablain,Kheles,181,John Smith
697,Ocheau,Drormont,98,Valerie Sanchez
698,Whaib Flye,Fridta,296,Thomas Rogers
699,Pluop Dror,Duskwich,290,Melissa Freeman
700,Tubruequa,Planchester,72,Brandon Romero
701,Tuprioyae,Sucbert,202,Alice Alvarez
702,Ebryae,Arddon,285,Robert Taylor
703,Esmeau,Sloystin,144,Fernshaper
704,Treawana,Shonio,297,Edward Dixon
705,Steiqua,Klork,169,William Roberts
706,Oskein,Heim,38,Hazel Tate
707,Usharia,Lacphia,137,William Griffith
708,Stroaf Prait,Whitshade,29,Marc Clark
709,Dreag Drar,Yicmery,271,Gladys Boone
710,Hegraosil,Pludence,133,Julie Harrison
711,Pesnourhiel,Rivine,15,Michael Turner
712,Wuskington,Arcchester,216,Joseph Caldwell
713,Sablil,Jolis,181,Becky Cook
714,Blassau,Cheavale,93,William Stevenson
715,Drebar,Sririe,59,Joyce Patton
716,Echus,Mokpus,242,Gary Caldwell
717,Usmia,Zoln,13,Evelyn Hernandez
718,Flaeq Frary,Ostradcester,170,Karen Castro
719,Gluam Shurg,Phulburn,193,Chris Ruiz
720,Satrausia,Zroystead,252,Monica Green
721,Egraequa,Flidtin,114,Michael Wagner
722,Kusnines,Plin,30,Corey Lyons
723,Gestrus,Ivloit,8,Todd Ruiz
724,Choewana,Hobert,277,Manuel Stephens
725,Streobia,Cluset,271,Andrew Johnson
726,Odrus,Kreburg,79,Miguel Johnson
727,Estein,Zriehland,262,Slatefallow
728,Snuiq Grium,Fraset,282,Brandon Soto
729,Fleah Smain,Srerton,71,Donald Guerrero
730,Odreissau,Xamouth,45,Barbara Barber
731,Socleaqua,Elestin,52,Michelle Ward
732,Bafrait,Akhecding,235,Betty Lane
733,Oprein,Plord,74,Ricky Martin
734,Brouji,Dayling,272,Richard Lawrence
735,Whuycor,Asofield,91,Voidbloom
736,Usnines,Okvale,104,Rebecca Lopez
737,Usnijan,Owance,93,Edith Brown
738,Claor Skus,Ulcester,238,Ray Herrera
739,Friup Cror,Andobus,59,Jacqueline Campbell
740,Yodrouna,Vleyson,63,Ella Miller
741,Vogleysal,Yhonford,266,Lewis Walton
742,Xasha,Utreley,8,Charles Ford
743,Astrar,Qront,22,Deborah Webster
744,Croce,Esaburgh,286,Thomas Martin
745,Spoador,Brufgow,274,Oceanshout
746,Athein,Oriaver,144,Ray Herrera
747,Uskeau,Cripbury,296,Herbert Bell
748,Griok Whya,Ylento,5,Brian Barnes
749,Sheyj Snar,Oweka,107,Andrea Yates
750,Owheibar,Luugow,292,Debbie Woods
751,Joswejan,Truxding,256,Thomas Martin
752,Ogren,Lenbus,5,Ella Morgan
753,Sustines,Jaakham,273,Michael Mason
754,Dreania,Vlore,169,Gary Martin
755,Steusil,Cinas,259,Stacey Wilson
756,Uglea,Vluigan,114,Jennifer Hughes
757,Egrar,Arddon,223,Barbara Nunez
758,Fleud Sceau,Eahby,219,Brandon Romero
759,Pliof Sneau,Oriafield,145,Stella Smith
760,Yedruilor,Ensnard,128,Richard Porter
761,Qashaubar,Olisdence,237,Susan Bryan
762,Ocrurg,Gikland,105,Thomas Lane
763,Heswary,Bropgow,218,David Gonzalez
764,Froesal,Xoysey,80,Sarah Gray
765,Trajan,Ouissea,80,Melissa Freeman
766,Ustros,Groross,30,Patricia Morris
767,Ochon,Yanshire,127,Robert Franklin
768,Fleu Sha,Prupus,174,Anne Price
769,Shuod Whil,Aneset,133,Patricia Reed
770,Ugruessau,Zlirora,135,Nicholas Matthews
771,Yusheogua,Andobus,290,Amy Garcia
772,Rutrurg,Volas,285,Diana Washington
773,Waskyae,Usrita,157,Kenneth Howard
774,Triona,Asomond,83,Ella Morgan
775,Sheaburg,Dery,61,Mary Wilson
776,Uskein,Osemore,62,Michael Thomas
777,Ostros,Fodon,263,Raymond Roberson
778,Fluo Ston,Encesey,124,Larry Smith
779,Stieh Bla,Wiehgan,202,Elfdust
780,Cuscoze,Morbus,285,James Wright
781,Utraestan,Srison,300,Donald Guerrero
782,Utreau,Tring,11,Michael Jones
783,Guswil,Diset,93,Ian Daniels
784,Stuaton,Celas,196,Ronald Morrison
785,Sheador,Edotol,268,Tarrenmourn
786,Atrax,Sreross,204,Ruth Smith
787,Eclaria,Giross,291,Nathan Williamson
788,Prue Glaria,Oraburn,144,Robert Christensen
789,Flaoj Theau,Zlatol,200,Jane Bush
790,Kedruiji,Grumery,137,Robert Lawrence
791,Xogluce,Zrocnard,212,Brenda Rogers
792,Hacrium,Qreginia,285,June Jackson
793,Taswein,Qrago,60,John Hunt
794,Whoela,Yrunard,180,Debbie Woods
795,Flayqua,Strurgh,159,Lisa Ramos
796,Oflistan,Ajeahville,178,Brenda Rogers
797,Osnurg,Juoset,63,Boulderstone
798,Shiut Scein,Shebus,86,Violet Mason
799,Bliyl Chait,Vroria,129,Theresa Long
800,Teshuodor,Klard,42,Jane Gutierrez
801,Gagriusal,Nila,111,William Hines
802,Xowhor,Baimcester,145,Mary Brown
803,Hestreau,Claimore,68,Clifford Smith
804,Thaytan,Qrord,4,Stacy Diaz
805,Whaostein,Yrurgh,134,Nancy Evans
806,Eshus,Nont,290,James Lewis
807,Escijan,Inasginia,243,Linda Tyler
808,Clae Frait,Fraset,33,Kimberly Wallace
809,Blauw Sca,Yrurgh,273,Mark Bowen
810,Towhetho,Cinas,280,Courtney Barnett
811,Jograinia,Blam,218,Kelly Johnson
812,Zuskyae,Khodtol,162,Michael Fields
813,Teskela,Slens,189,David Moody
814,Glaissau,Cloudview,223,Stanley Morgan
815,Craesia,Yicmery,174,Robert Christensen
816,Aprua,Plin,140,Ruben Dean
817,Edrein,Atrore,169,Jesus White
818,Draf Prana,Fluaton,89,Kenneth Cunningham
819,Pleyw Whor,Qront,74,Daniel Lee
820,Iofrenia,Edotol,92,Michelle Ward
821,Pocruiqua,Rego,93,Clara Frazier
822,Gucleau,Aloford,207,Ella Morgan
823,Zusmar,Yobridge,54,Heidi Howell
824,Shonia,Droni,170,Terri Johnson
825,Thaesia,Bery,254,Susan Brown
826,Odra,Plegan,74,Susan Young
827,Estrington,Igredo,73,Peggy Turner
828,Bleap Frana,Xanta,260,Michael Richardson
829,Gloyz Crain,Dalo,178,Jason Chandler
830,Tafronia,Shonio,79,Jean Henry
831,Yuswaland,Eimpolis,204,Marjorie Johnson
832,Vechen,Amialedo,224,Abisseau
833,Sodrye,Eighta,272,Anthony Little
834,Flaetan,Cleigh,278,Martha Miller
835,Chioca,Eywell,298,Oceanshout
836,Aswistan,Reley,13,Marvin Carlson
837,Eskal,Strilton,38,Eleanor Lawson
838,Flao Strana,Phento,216,William Adams
839,Scuo Grar,Qocaster,99,Todd Rodriquez
840,Sostiabar,Xuebus,115,Leonard Davis
841,Poproye,Ontling,62,Robin Larson
842,Wethad,Xuebus,140,Jose Dixon
843,Ublon,Glaeset,292,William Turner
844,Treobia,Arioledo,244,Choires
845,Whaolia,Onouver,254,Cody Ramirez
846,Ethar,Vrostin,204,Emily Hughes
847,Esmela,Ronio,55,Joshua Moore
848,Sneyv Smus,Slaadrith,122,Abollon
849,Cloy Thein,Alodiff,158,John Fisher
850,Asnuiso,Pluginia,142,Frank Thomas
851,Sosnaoso,Ingrough,56,William Stephens
852,Totrana,Kritdiff,270,Joshua Reed
853,Acraria,Uvlaaland,106,Richard Porter
854,Fraiwana,Utreley,266,Daniel Harmon
855,Sheana,Qison,46,Danielle Stanley
856,Ushain,Strilton,202,Brian Wade
857,Asmad,Arcridge,69,Anne Valdez
858,Scuer Plesh,Acord,22,Karen Green
859,Whayw Shijan,Glork,298,Karen Bowman
860,Rucreacor,Srafast,100,Brenda Rogers
861,Lafroenia,Ancemery,235,Stella Smith
862,Tuclijan,Randale,279,James Hughes
863,Wewha,Ouissea,70,Marian Stevenson
864,Floyna,Priever,151,Lewis Walton
865,Snuicia,Slyvault,237,Theresa Parker
866,Uscistan,Arcchester,136,Michael Mason
867,Ecryae,Enceshire,267,Shirley Simpson
868,Straut Skos,Ronio,171,Margaret West
869,Drab Sma,Collet,55,Lauregny
870,Epliyjan,Asodiff,152,Francisco Dixon
871,Xustuosia,Osemore,58,Darryl Elliott
872,Roplua,Klork,149,Steven Montgomery
873,Pusnein,Naidsas,148,Joseph Caldwell
874,Skiania,Breyling,238,Joshua Boone
875,Whoelia,Shiacrith,269,Peter Clark
876,Oglela,Yhufdon,187,Sandra Hall
877,Aflijan,Kreabridge,180,Dayhide
878,Flaut Swen,Cumery,266,Gregory Phelps
879,Criel Ska,Phacstead,98,Kristin Hughes
880,Wuskoayae,Hedo,237,Linda Lopez
881,Zacrunga,Cripbury,208,Dean Watson
882,Pustrurg,Phitin,243,Stacey Silva
883,Wotril,Zhauflas,193,Howard Peterson
884,Creoze,Olkron,272,Danny Anderson
885,Frouque,Strey,66,Emily Hughes
886,Asnor,Zriehland,168,Julian Holland
887,Oshait,Cinas,82,Chris Ruiz
888,Triut Prurg,Wrore,26,Ronald Morrison
889,Smie Crar,Colollac,129,Mary Williamson
890,Laskuanga,Aneta,124,William Allen
891,Gespuinia,Ansgend,98,Manuel Stephens
892,Iaswistan,Zophis,116,Matthew Jordan
893,Iedrye,Zhosea,118,Andrea Yates
894,Flayton,Qrin,5,Marvin Ortiz
895,Draucor,Weallens,93,June Jackson
896,Ubrary,Inesas,265,Derek Watson
897,Ushax,Strans,224,Roberta Price
898,Pruon Thium,Inesas,71,Elizabeth Doyle
899,Stuyv Snax,Iladon,204,Cretelet
900,Keswuodal,Oklille,291,Nicole Morris
901,Saswaebia,Tand,264,Sarah Johnson
902,Rufron,Srerton,79,Clinton Ramirez
903,Ethana,Andofast,9,Peggy Johnston
904,Creobia,Akaland,270,Juanita Swanson
905,Dreusal,Zuaver,127,Bessie Johnson
906,Edrye,Cuhmond,66,Janice Reynolds
907,Estresh,Orerora,254,Francisco Dixon
908,Shoyf Clea,Phosa,79,Kristin Rivera
909,Stoex Dresh,Beport,19,Amy Parsons
910,Ashayle,Slens,176,Rose Lewis
911,Rusnaeca,Irieburg,275,Sally Evans
912,Aflurg,Volling,281,Rebecca Perry
913,Muswain,Kritdiff,13,Jose Bailey
914,Spetho,Qielbridge,77,Henry Bennett
915,Spaigro,Yalo,29,Henry Sanders
916,Ebrana,Reley,171,Anne Moore
917,Espua,Dreles,146,Lewis Walton
918,Stra Scyae,Samery,68,Rosa Palmer
919,Swiok Prye,Prolis,145,Mary Edwards
920,Raclouya,Oreport,123,Wayne Bailey
921,Qasmerhiel,Encesey,227,Ricky Hayes
922,Rudrea,Sluogend,43,Doris Burgess
923,Utrana,Chand,42,Jennifer Mills
924,Fleiles,Srence,236,Ann Reed
925,Chabia,Shupolis,157,Patricia Glover
926,Utrela,Talo,88,Pamela Hughes
927,Ochington,Drard,214,Mary Williamson
928,Proyb Clax,Ansphis,210,Chavanet
929,Praip Snana,Ewarlens,45,Sandra Weber
930,Kedriuya,Mokpus,56,Barbara Wong
931,Tugloyyae,Amialedo,111,Frances Norman
932,Faglington,Krurgh,148,Donna Cain
933,Veglijan,Grouham,48,William Fuller
934,Theytan,Dalo,98,Janet Shaw
935,Criyrus,Irento,207,Melanie Dunn
936,Uglana,Wrorith,163,William Hines
937,Achana,Illefield,187,Justin Young
938,Cheam Plijan,Sland,58,Ricky Hayes
939,Wheaq Plurg,Krehsea,207,Linda Gutierrez
940,Ioploidor,Gekford,160,Loretta Wade
941,Kabracia,Noria,36,William Rodriquez
942,Tucrium,Olispool,204,Jordan Erickson
943,Guskye,Kevale,157,Sarah Johnson
944,Bluila,Playsey,207,Kenneth Cunningham
945,Shoyvania,Tiekron,53,Donald Stevens
946,Eshar,Quyving,82,Nora Gonzalez
947,Efrana,Yilland,216,William Stephens
948,Cheir Prus,Vroria,16,Stanley Rose
949,Shuiy Pleau,Nila,139,Betty Allen
950,Lushoabar,Afrurgh,146,Jerry Garza
951,Josheuvania,Cliscaster,9,Donna Watson
952,Mesnya,Roria,248,Susan Craig
953,Vewhad,Eqance,265,Ruth Smith
954,Smoyles,Ordham,104,Andichade
955,Pliavania,Crille,75,Glenda Martin
956,Ebrait,Tanesse,203,Sean Hubbard
957,Ublus,Vlore,130,Lucy Harrison
958,Fruw Cra,Eahving,34,Jennifer Rogers
959,Shayb Stryae,Vroksea,212,Sacredsprinter
960,Ducheaya,Oweka,255,Jesus White
961,Despoiye,Frusstin,236,James Wright
962,Bushor,Zrauset,186,Diane Flores
963,Uflesh,Biledo,267,Jeffrey Chapman
964,Scuyssau,Wromery,142,Barbara Barber
965,Bruedal,Slamond,8,Roberta Price
966,Oprar,Wraco,220,Robin Garcia
967,Ucrium,Phomburn,85,Andrea Martin
968,Chef Gren,Achinas,295,Katie Singleton
969,Cloui Clyae,Echont,90,Bizessac
970,Zagrocia,Klifield,273,Rachel Ruiz
971,Vaskiyyae,Uflecester,132,Barbara Wong
972,Qodror,Epora,285,Steven Montgomery
973,Jodryae,Vleyson,240,Peggy Smith
974,Driocor,Yaso,40,Gary Powell
975,Thiaye,Zhedo,166,Louise Anderson
976,Eblar,Xanta,191,Cody Ramirez
977,Edra,Tucester,41,Sullard
978,Skua Skon,Strans,300,Tammy Collins
979,Preu Skium,Olkron,64,Bonnie Wagner
980,Peskiyla,Teepver,137,Fernando Smith
981,Ospuque,Jolis,54,Alice Green
982,Petrines,Eahhull,143,Todd Ruiz
983,Bastington,Breyling,50,Dustin Gonzales
984,Cleydal,Wrodchester,273,Kim Cole
985,Criola,Qront,256,Dustin Wright
986,Ospela,Hobert,153,Larry Smith
987,Udrua,Krane,190,Christina Potter
988,Swai Brein,Athegend,19,Leroy McBride
989,Pre Scington,Plirlas,88,Stacy Diaz
990,Qaskeuna,Olkgate,270,Edwin Davis
991,Ustrounga,Plastead,190,Betty Walker
992,Laspon,Jurg,276,Teresa Reeves
993,Musmaria,Andopolis,285,Theresa Long
994,Traudal,Wouver,8,Henry Martin
995,Whubia,Qreginia,274,Ron King
996,Ubrua,Vadiff,50,Henry Nichols
997,Astein,Crabert,16,Gary Salazar
998,Clauc Shana,Xugate,134,Cretelet
999,Stoii Chea,Frine,32,Ella Miller
